,H2pickingup,NH3_production_rate,NH3decomp,trial_index,arm_name,is_feasible,Temperature,Electron_Density,Electric_Field,N2_Fraction,trial_status,generation_method
0,-2.056e+18,1.5133e+17,-8.8189e+17,0,0_0,False,599.2540061473846,566613639.8911476,0.10760851979255676,0.4194321632385254,COMPLETED,Sobol
1,-7366775000000000.0,1.177275e+16,-5043070833333333.0,1,1_0,False,435.81026578322053,4198433078.1269817,0.05512893308885396,0.6161699518561363,COMPLETED,Sobol
2,-2.8602e+17,8.7761e+16,-1.95703e+17,2,2_0,False,365.4551351442933,1783601803.9379268,0.098854874484241,0.17396587505936623,COMPLETED,Sobol
3,-2.4469e+17,1.9738e+17,-1.8879e+17,3,3_0,False,519.5976820774376,2942270267.382264,0.08138143987394869,0.8532057134434581,COMPLETED,Sobol
4,-5.392707023076923e+16,2.2780022743589744e+17,-6.22337613076923e+16,4,4_0,False,475.86976401507854,1981994446.4135914,0.060844048196449875,0.9096186617389321,COMPLETED,Sobol
5,-1.2031e+18,4.9826e+16,-4.0342e+17,5,5_0,False,331.2488450668752,3449991034.902632,0.11337758097797632,0.11814041994512081,COMPLETED,Sobol
6,-4286581481481481.5,3.672711111111111e+16,-3363727407407407.5,6,6_0,False,410.8370818197727,687273352.2206545,0.06959928107447923,0.6837484929710627,COMPLETED,Sobol
7,-1e+20,0.0,-1e+20,7,7_0,False,546.3021556846797,4628495874.861256,0.0871213399618864,0.35120509285479784,COMPLETED,Sobol
8,-1e+20,0.0,-1e+20,8,8_0,False,530.796179920435,1511456388.9335842,0.07220434346236289,0.050537521950900555,COMPLETED,Sobol
9,-108770000000000.0,1.6843e+17,-8.5573e+16,9,9_0,False,384.7185711376369,2673136669.676751,0.08974583704024552,0.9768477343022823,COMPLETED,Sobol
10,-4.394056996434938e+16,1.0609970142602496e+17,-4.663999799465241e+16,10,10_0,False,429.68095073958625,2954386615.462148,0.0719343038009154,0.8986686132222524,COMPLETED,MOO
11,-179370000000000.0,1.8004e+17,-1.09125e+17,11,11_0,False,481.04956096554105,1778996891.9860318,0.08893705273011165,0.9703399611426887,COMPLETED,MOO
12,-8.306191449999999e-31,9.780961802500007e-23,-5.366720200000004e-23,12,12_0,False,559.160935600406,1820644658.365114,0.07414748589237115,1.0,COMPLETED,MOO
13,-1e+20,0.0,-1e+20,13,13_0,False,599.0252451963652,50000000.0,0.12,0.5656965343198287,COMPLETED,MOO
14,-6.2320100385038504e+16,2.1972e+17,-6.5705e+16,14,14_0,False,472.98838186386865,1558771600.4703162,0.07565722223579968,0.8866342084332817,COMPLETED,MOO
15,-1e+20,0.0,-1e+20,15,15_0,False,596.024519681002,415439198.2557229,0.1002306120122872,0.38412156349314175,COMPLETED,MOO
16,-12602000000000.0,2.1305e+17,-2.94372e+16,16,16_0,False,435.78730103829605,862488131.8557537,0.0734163793395406,0.9691165382099791,COMPLETED,MOO
17,-2.6752310102564105e-05,0.001981154417948718,-0.0009776672056410257,17,17_0,False,487.96619256334156,2741052593.043865,0.06907618676891746,0.9921490368546629,COMPLETED,MOO
18,-561107272727272.75,432196363636363.6,-100421090909090.9,18,18_0,False,334.69751650677637,2271523819.365567,0.06563618948559567,0.8232048611558573,COMPLETED,MOO
19,-1424045454545454.5,3832018181818182.0,-862440000000000.0,19,19_0,False,420.0413037609431,1912295029.04936,0.058853223605791205,0.8997831446967898,COMPLETED,MOO
20,-1.5725478099999995e-27,5.357368064999998e-22,-4.1530396229999985e-22,20,20_0,False,420.50547498564424,1796483320.6821496,0.10755447615043787,1.0,COMPLETED,MOO
21,-5.007700908656146e+16,1.500522094691535e+17,-4.872263299856528e+16,21,21_0,False,413.0380528189446,1822473166.293807,0.08334666485635403,0.8713882019865619,COMPLETED,MOO
22,-74789385664335.67,5.0958601048951046e+17,-6.37202020979021e+16,22,22_0,False,393.9502790775112,779080661.549986,0.08131659013814932,0.948441714779824,COMPLETED,MOO
23,-382997575757575.75,2329069696969697.0,-135437363636363.64,23,23_0,False,324.8023787347731,453029004.6444414,0.0833096698004579,0.9231789649863951,COMPLETED,MOO
24,-3.95271e-31,1.2342300000000001e-17,-3.242618e-18,24,24_0,False,392.22441473139594,1713024575.183357,0.07817861824631517,1.0,COMPLETED,MOO
25,-0.0,3.5453853658536584e-28,-4.279186585365854e-29,25,25_0,False,431.1842146377607,528771980.2012435,0.08944762565359028,1.0,COMPLETED,MOO
26,-3.3862305734536084e+16,2.0650191365979382e+17,-3.2467968137886596e+16,26,26_0,False,356.3437587540296,844495502.1509641,0.09668249154263256,0.7859790925917263,COMPLETED,MOO
27,-6.3935e+16,1.2552e+17,-5.4146e+16,27,27_0,False,322.27420488013075,2455085408.047905,0.09547357353957034,0.49113205809222615,COMPLETED,MOO
28,-2.2671e+17,1.7421e+17,-1.99241e+17,28,28_0,False,300.0,1406091452.6719687,0.11633859680186069,0.20518376776473074,COMPLETED,MOO
29,-285990000000000.0,4.2867e+17,-1.20089e+17,29,29_0,False,323.4637299565809,1570654875.247829,0.10451280057286752,0.9634606663926498,COMPLETED,MOO
30,-1.6221e+17,1.3671e+17,-1.01085e+17,30,30_0,False,341.3851628008698,2869717168.8190107,0.11047095540476047,0.7307723103188309,COMPLETED,MOO
31,-4.3049531940298504e+16,1.5317635223880598e+17,-3.832109635820896e+16,31,31_0,False,300.0,1581200017.883027,0.10124552244393777,0.563096851026014,COMPLETED,MOO
32,-4.1397e+16,1.0598e+17,-3.660651830274986e+16,32,32_0,False,363.35614147001223,2123168853.8488162,0.08837738958183003,0.7445115389917429,COMPLETED,MOO
33,-1.8489e+17,1.6186e+17,-1.21841e+17,33,33_0,False,397.2891628731677,2546760177.8470745,0.1012695585068479,0.801033193017777,COMPLETED,MOO
34,-4.6058929531979256e+16,8.140014946585998e+16,-3.964468955656871e+16,34,34_0,False,300.0,3722913208.6274652,0.09040969632286963,0.42118877905808666,COMPLETED,MOO
35,-2686865325714285.5,1.1569082685714285e+17,-1848894086571428.5,35,35_0,True,307.43696054694067,76684320.83727771,0.10941770516596061,0.5861013323762776,COMPLETED,MOO
36,-5.5905e+16,7.1664e+16,-5.13662e+16,36,36_0,False,389.18966225145266,4569339590.869053,0.08236242961250048,0.9031578332274008,COMPLETED,MOO
37,-1.1940585365853659e-35,2.9664878048780484e-36,-1.7544380487804878e-36,37,37_0,False,300.0,5000000000.0,0.07558725325483805,1.0,COMPLETED,MOO
38,-803903228484848.5,5790198272727272.0,-397091881181818.2,38,38_0,False,300.0,687470163.7390007,0.0805829114868041,0.4704427333402714,COMPLETED,MOO
39,-1e+20,0.0,-1e+20,39,39_0,False,300.0,3583840418.884072,0.05,0.3985788927072618,COMPLETED,MOO
40,-6.716858288959886e+16,1.1413130990415336e+17,-7.311335143769968e+16,40,40_0,False,541.9464748741683,5000000000.0,0.05,0.8867915102754146,COMPLETED,MOO
41,-2.16936796875e+16,6.34759921875e+16,-2.059216796875e+16,41,41_0,False,300.0,2469397576.5398436,0.09400112807419997,0.8197662374080344,COMPLETED,MOO
42,-5.6131024390243904e-30,9.708956097560976e-21,-6.729929268292682e-21,42,42_0,False,460.40090602783977,4320558641.055878,0.06714259282466375,1.0,COMPLETED,MOO
43,-1.0623004e-34,1.7518104100000003e-30,-3.00175445125e-31,43,43_0,False,541.0844266735356,1283758615.8642108,0.05,1.0,COMPLETED,MOO
44,-1.9963e+17,1.9465e+17,-1.56403e+17,44,44_0,False,331.54047995596903,1506115545.212783,0.1120408092889866,0.3809173107384649,COMPLETED,MOO
45,-106390000000000.0,2.0192e+17,-8.2244e+16,45,45_0,False,300.0,2887343956.372688,0.09368789335311074,0.9798171455647888,COMPLETED,MOO
46,-3.661728969142857e+16,3.1949975377142854e+17,-3.794186819028571e+16,46,46_0,False,300.0,529835123.3362152,0.10080696306933862,0.3186915528604289,COMPLETED,MOO
47,-544011428571428.56,1.5196771428571428e+16,-215198828571428.56,47,47_0,False,300.0,99080611.27839722,0.09885606832837475,0.6605476058450289,COMPLETED,MOO
48,-1.9262e+17,1.3922e+17,-1.64775e+17,48,48_0,False,300.0,3525010592.1553135,0.10544493986617101,0.2649505962971864,COMPLETED,MOO
49,-2.8985195121951218e-31,4.989758536585366e-35,-1.1903741463414634e-35,49,49_0,False,300.0,1266183095.9236681,0.1165326679867399,1.0,COMPLETED,MOO
50,-1.6795e+17,1.4604e+17,-1.07899e+17,50,50_0,False,300.0,3007166269.9074397,0.11964781900065792,0.6360591759599048,COMPLETED,MOO
51,-5.9615e+16,5.9389e+16,-4.42764e+16,51,51_0,False,300.0,5000000000.0,0.10189883249569293,0.7225772767378354,COMPLETED,MOO
52,-0.0,0.0,-0.0,52,52_0,False,323.01239179298557,4784468291.9311495,0.10612872666488701,1.0,COMPLETED,MOO
53,-0.0,1.115019512195122e-22,-1.4173946341463414e-24,53,53_0,False,358.50000976938446,50000000.0,0.11266563394908966,1.0,COMPLETED,MOO
54,-1.5735e+17,1.6056e+17,-1.19113e+17,54,54_0,False,312.64322124477275,2717456854.0464263,0.10877387772068037,0.45619082759407814,COMPLETED,MOO
55,-4.0747469906542056e+16,1.2236487102803738e+17,-3.453376818691589e+16,55,55_0,False,300.0,1695217477.9240065,0.10950989264594234,0.8121659252042188,COMPLETED,MOO
56,-7.0298e-29,2.248125e-22,-1.16012125e-22,56,56_0,False,494.65480160542734,1844770002.8692076,0.08182162233434337,1.0,COMPLETED,MOO
57,-1e+20,0.0,-1e+20,57,57_0,False,473.1402999072793,1444843184.276936,0.10906041987356883,0.3689295421817403,COMPLETED,MOO
58,-0.0,6.303468757499997e-24,-8.436662417499995e-24,58,58_0,False,521.8437587769336,5000000000.0,0.07306772854010468,1.0,COMPLETED,MOO
59,-5169150540540540.0,1.0957970189189189e+17,-4788187975675675.0,59,59_0,True,300.0,50000000.0,0.10245913229070809,0.07884236368802723,COMPLETED,MOO
60,-1e+20,0.0,-1e+20,60,60_0,False,300.5098485075669,1773261776.6387298,0.11829822102587625,0.0,COMPLETED,MOO
61,-1.1536e+17,1.8099e+17,-1.0889e+17,61,61_0,False,313.06633616855834,1562687439.3159337,0.10330651480062375,0.2607770901212928,COMPLETED,MOO
62,-3046919047619047.5,7798809523809524.0,-1911290952380952.5,62,62_0,False,496.18650536022915,2130272820.6074626,0.05,0.8336695378155995,COMPLETED,MOO
63,-1.3963e+17,2.2284e+17,-1.22873e+17,63,63_0,False,300.0,1559378747.8260572,0.1125807589689655,0.34802283562146435,COMPLETED,MOO
64,-1e+20,0.0,-1e+20,64,64_0,False,361.91001558663254,2247953675.8713226,0.10077621500987108,1.0,COMPLETED,MOO
65,-1.0626e+17,2.1954e+17,-8.5165e+16,65,65_0,False,374.7511436905474,1271504772.5672083,0.10150928755200923,0.6323728231515415,COMPLETED,MOO
66,-2.441901144936709e+16,1.907464441772152e+17,-2.377849476518987e+16,66,66_0,False,339.518405038788,765269675.2738968,0.09148805490383115,0.597642902573758,COMPLETED,MOO
67,-192569487368421.06,2744902113157894.5,-19007222731578.945,67,67_0,False,383.570827625084,50000000.0,0.07667072607214698,0.8296971095989552,COMPLETED,MOO
68,-7.488539931945624e+16,1.5837e+17,-6.744269965972812e+16,68,68_0,False,300.0,2180176883.2523136,0.09952100661129608,0.3563406313715993,COMPLETED,MOO
69,-2.514243339892183e+16,8.243482800539083e+16,-2.2786625811859836e+16,69,69_0,False,300.0,2137333143.6451323,0.09348358406746715,0.6606883975845663,COMPLETED,MOO
70,-6.4078e+16,2.8845e+17,-6.3012e+16,70,70_0,False,331.7888721691685,661268991.9614226,0.10348902212256006,0.39651024433126214,COMPLETED,MOO
71,-1.4198e+17,1.638e+17,-1.11135e+17,71,71_0,False,330.27040816114425,2307503191.2811437,0.10388576536558643,0.4414680714873972,COMPLETED,MOO
72,-766828857142857.1,4.046731428571429e+16,-385812314285714.25,72,72_0,False,300.0,50000000.0,0.10152637416567363,0.4103877093384168,COMPLETED,MOO
73,-1e+20,0.0,-1e+20,73,73_0,False,600.0,3572364629.48591,0.05889130515614497,1.0,COMPLETED,MOO
74,-1742990909090909.0,9.371245454545454e+16,-1317154545454545.5,74,74_0,True,354.93883639949485,50000000.0,0.09071788650559909,0.34178609655982395,COMPLETED,MOO
75,-2.8125e+17,1.4157e+17,-1.91603e+17,75,75_0,False,341.36342498704363,3209394462.150702,0.10646363176131649,0.4144382212771941,COMPLETED,MOO
76,-9.328120737341346e-38,9.145088904877946e-23,-8.121823868780395e-24,76,76_0,False,490.10484268608,112566130.92787497,0.10783498882628766,1.0,COMPLETED,MOO
77,-2.9618e+17,1.1858e+17,-1.8735e+17,77,77_0,False,352.3994054352254,4734353505.564804,0.10158268747034213,0.46942406640860956,COMPLETED,MOO
78,-6.21771302259887e+16,1.241e+17,-5.3143e+16,78,78_0,False,386.69570738761746,2328883533.0277004,0.08440855799449073,0.6161243005507769,COMPLETED,MOO
79,-1.0689e+17,7.1241e+16,-6.3955e+16,79,79_0,False,300.0,4858585730.719608,0.11599021252636686,0.8552200307816907,COMPLETED,MOO
80,-7319508823529412.0,2.0561117647058822e+17,-6825217647058824.0,80,80_0,True,397.71200905885803,156593410.69431812,0.0886328473738312,0.6946650020058804,COMPLETED,MOO
81,-8.4756e+16,1.5844e+17,-8.1946e+16,81,81_0,False,332.6593731449095,1576900113.7364852,0.09442212994297386,0.2603857920302949,COMPLETED,MOO
82,-9.5645e+16,1.6573e+17,-7.3013e+16,82,82_0,False,330.84118389056795,1897865877.829742,0.10618732027143143,0.6204835551582689,COMPLETED,MOO
83,-1.9208e+17,2.1749e+17,-1.51636e+17,83,83_0,False,362.43480943737273,822059474.8469411,0.11219212280303818,0.405398051349583,COMPLETED,MOO
84,-1.7257847589041096e+16,4.752330904109589e+17,-2.231300949726027e+16,84,84_0,False,347.02909603112477,57473406.52621491,0.10383789590523133,0.24345510446782986,COMPLETED,MOO
85,-0.0,5.444573170731707e-22,-1.2763046341463415e-23,85,85_0,False,511.2057293637047,129840755.40593158,0.06807297880433873,1.0,COMPLETED,MOO
86,-6.0787e+17,1.2457e+17,-3.21971e+17,86,86_0,False,326.4248254931748,5000000000.0,0.11797634104967815,0.45730177154328777,COMPLETED,MOO
87,-1892490909090909.0,1.0275090909090909e+17,-1234132727272727.2,87,87_0,True,355.6336199778632,50000000.0,0.09736395658892832,0.5583497523565907,COMPLETED,MOO
88,-6571008333333333.0,5.757775e+16,-5875054166666666.0,88,88_0,True,300.0,732812443.8352897,0.09836610005444085,0.8440514207896016,COMPLETED,MOO
89,-1.5605e+17,1.6578e+17,-1.18451e+17,89,89_0,False,440.7519431002071,2727578007.326181,0.09025251355946962,0.8648196424521113,COMPLETED,MOO
90,-1.4086e+17,1.2837e+17,-1.28992e+17,90,90_0,False,425.5208023941999,5000000000.0,0.08631813746569336,0.947790723767703,COMPLETED,MOO
91,-1.8933e+17,1.6674e+17,-1.55859e+17,91,91_0,False,343.62678901161536,1416830697.7778935,0.10603312147009228,0.30320248473828476,COMPLETED,MOO
92,-5.62877335355286e+16,9.8049e+16,-4.86743e+16,92,92_0,False,406.7361953829977,2953555671.519766,0.08041381218995187,0.7589619451695883,COMPLETED,MOO
93,-422880000000000.0,2.3864e+17,-1.50999e+17,93,93_0,False,498.0603837663549,5000000000.0,0.05,0.9623384869195126,COMPLETED,MOO
94,-7.816063414634146e-31,5.690380487804878e-24,-1.546261463414634e-23,94,94_0,False,463.8140593208399,3429642862.4958572,0.10588015841341054,1.0,COMPLETED,MOO
95,-1.7306575101694916e+16,7.378899e+17,-1.9887055510169492e+16,95,95_0,False,350.90982332697547,50000000.0,0.12,0.5876818652643723,COMPLETED,MOO
96,-5571217827272727.0,3.071335604545454e+17,-4634126365909090.0,96,96_0,True,334.1402970298499,50000000.0,0.12,0.7641786673601872,COMPLETED,MOO
97,-5332338127777778.0,2.891488177777778e+17,-4374109203055555.5,97,97_0,True,321.00423397118755,50000000.0,0.12,0.6691712661767958,COMPLETED,MOO
98,-2027112262500000.0,1.0660622125e+17,-1181989680000000.0,98,98_0,True,311.4142843188818,50000000.0,0.12,0.8359599074568406,COMPLETED,MOO
99,-6.493e+17,1.5551e+17,-3.23301e+17,99,99_0,False,382.2503642825685,2211077927.199017,0.11945335135121211,0.5761992893942876,COMPLETED,MOO
100,-9.7483e+16,8.3216e+16,-7.3905e+16,100,100_0,False,419.75749165378295,5000000000.0,0.07828781408245344,0.6889166881372409,COMPLETED,MOO
101,-5932350000000000.0,3.24775e+17,-5259716666666667.0,101,101_0,True,356.3888859254454,50000000.0,0.11122023845869262,0.6934318829600878,COMPLETED,MOO
102,-1.4863e+17,3.3047e+17,-1.16259e+17,102,102_0,False,392.5890576623709,494340146.84412366,0.11783042817300526,0.6899452594966875,COMPLETED,MOO
103,-2.386478813559322e+16,9.314012711864407e+17,-2.915880593220339e+16,103,103_0,False,404.8114124321063,50000000.0,0.12,0.8077078407563066,COMPLETED,MOO
104,-19210000000000.0,7.8999e+17,-2.65102e+16,104,104_0,False,428.1968815597251,50000000.0,0.12,0.9203889516874189,COMPLETED,MOO
105,-3.89427e-35,2.66304e-26,-8.75545e-28,105,105_0,False,446.6679364423079,50000000.0,0.11473919570059297,1.0,COMPLETED,MOO
106,-2.156002451282051e+16,8.382318176068376e+17,-2.566846218205128e+16,106,106_0,False,375.60819117597975,50000000.0,0.11999626090330344,0.6686085232881048,COMPLETED,MOO
107,-1e+20,0.0,-1e+20,107,107_0,False,328.85600711380175,50000000.0,0.12,0.48786211304552757,COMPLETED,MOO
108,-1.9959838037037036e+16,7.94943742962963e+17,-2.2779375366666664e+16,108,108_0,False,375.1167388043077,63538367.467138626,0.12,0.7841365271085098,COMPLETED,MOO
109,-280620000000.0,1.2247e+17,-3143910000000000.0,109,109_0,True,406.40866824886234,50000000.0,0.12,0.9796594199602403,COMPLETED,MOO
110,-8049826613888889.0,4.482165633333333e+17,-8101325913888888.0,110,110_0,True,411.58046642425313,50000000.0,0.10418783711285341,0.8068681465842686,COMPLETED,MOO
111,-251686111111111.12,1.0607055555555556e+16,-102981111111111.11,111,111_0,False,310.01889282814045,50000000.0,0.08552451343212855,0.17264989850924162,COMPLETED,MOO
112,-1.0195e+17,4.6151e+17,-9.541578977616454e+16,112,112_0,False,439.0591115629012,332355496.09390575,0.11096343534049558,0.8497349156618644,COMPLETED,MOO
113,-3.0114e+17,2.0024e+17,-1.69678e+17,113,113_0,False,373.8239350590049,1664947121.3697004,0.12,0.7617916529670817,COMPLETED,MOO
114,-9861835468421052.0,5.4756514263157894e+17,-1.0064829365789474e+16,114,114_0,False,365.2914277181776,50000000.0,0.12,0.8502089962406572,COMPLETED,MOO
115,-1e+20,0.0,-1e+20,115,115_0,False,439.0018624344659,50000000.0,0.10261103457530676,0.9075406126901995,COMPLETED,MOO
116,-5331656250000000.0,3.278025e+17,-4795862500000000.0,116,116_0,True,350.16382899402504,50000000.0,0.12,0.9124541359281086,COMPLETED,MOO
117,-1.2448392024999999e-33,1.4761790549999998e-29,-8.407314619999999e-30,117,117_0,False,403.80602298891597,5000000000.0,0.053409282549429275,1.0,COMPLETED,MOO
118,-7.4033e+17,1.3645e+17,-3.13963e+17,118,118_0,False,397.07184008266944,3981766549.958696,0.11581018626127336,0.7647619753823135,COMPLETED,MOO
119,-7810897099999999.0,1.1591135928571428e+16,-6227396299999999.0,119,119_0,False,476.41662931295684,5000000000.0,0.05,0.7676831248580245,COMPLETED,MOO
120,-1.446e+18,8.4828e+16,-5.776e+17,120,120_0,False,373.5107936269616,5000000000.0,0.11472873731159083,0.3733818642147324,COMPLETED,MOO
121,-2897830506250000.0,3747066693749999.5,-2036976377499999.8,121,121_0,False,423.95873338690683,5000000000.0,0.05416448626860294,0.8616041934075728,COMPLETED,MOO
122,-7.540048767499993e-39,1.3830313124999989e-33,-1.105495804249999e-34,122,122_0,False,360.78359395963844,719131963.6006639,0.058477060347362136,1.0,COMPLETED,MOO
123,-2.3416e+17,2.4586e+17,-1.46803e+17,123,123_0,False,388.43438069304676,1098001080.150475,0.12,0.8211794649218376,COMPLETED,MOO
124,-9.2247e+16,1.2302e+17,-8.1669e+16,124,124_0,False,317.9481300893842,3037438586.7573686,0.09400305684110843,0.30984579100926257,COMPLETED,MOO
125,-5.174331707317073e-31,1.5665273170731706e-38,-5.635392195121951e-38,125,125_0,False,487.98564756253035,5000000000.0,0.09624358406077324,1.0,COMPLETED,MOO
126,-5.1564480754996296e+16,2.0541e+17,-5.8057e+16,126,126_0,False,343.37374678936527,423091380.00745726,0.09588914903606928,0.17665244950287348,COMPLETED,MOO
127,-2.3206e+17,1.0779e+17,-1.37667e+17,127,127_0,False,361.37263534437767,5000000000.0,0.10097253160353908,0.647796496233081,COMPLETED,MOO
128,-5.554792185365853e-38,1.1998832707317068e-32,-1.4499925902439021e-33,128,128_0,False,459.1559346127667,1028750382.776431,0.05,1.0,COMPLETED,MOO
129,-3.0527e+16,2.7001e+17,-3.21425e+16,129,129_0,False,314.8267177225651,543070899.7206993,0.09405770185374535,0.29200449621648966,COMPLETED,MOO
130,-5.3382e+17,1.4601e+17,-2.42709e+17,130,130_0,False,369.3072547464469,3239714935.0172153,0.12,0.7420083080122303,COMPLETED,MOO
131,-1966648941666666.5,1.5557988166666664e+16,-1761313672499999.8,131,131_0,False,418.1836838452782,854227731.0123107,0.06644091200593166,0.941053352540386,COMPLETED,MOO
132,-1.5039e+16,3.4171e+16,-1.50956e+16,132,132_0,False,352.0039183426842,3653786586.096748,0.07388419708776184,0.8442331371736977,COMPLETED,MOO
133,-8.49379522682927e-41,6.070878570731707e-18,-4.2710723192682925e-20,133,133_0,False,447.1444365831656,50000000.0,0.06452169471777133,1.0,COMPLETED,MOO
134,-1.3279e+17,9.4901e+16,-8.8927e+16,134,134_0,False,300.0,5000000000.0,0.10890081532959689,0.6039882071698665,COMPLETED,MOO
135,-3.5081e+16,4.366150867269985e+16,-2.9128150867269984e+16,135,135_0,False,322.6180647713504,5000000000.0,0.08873598046443296,0.7321418614958536,COMPLETED,MOO
136,-9.1775e+16,1.0565e+17,-8.2111e+16,136,136_0,False,465.5079618149049,4319905420.26524,0.07432717274361693,0.8799190661405437,COMPLETED,MOO
137,-8.8634e+16,4.22e+17,-7.713e+16,137,137_0,False,385.6175743253756,378445720.3210574,0.12,0.8505662187045905,COMPLETED,MOO
138,-1.9522657142857144e+16,1.2132057142857142e+17,-1.9898371428571428e+16,138,138_0,False,391.82744957061857,1109702100.7357054,0.07834357541714912,0.7930737702846705,COMPLETED,MOO
139,-2.82781e+16,5.894381111111112e+17,-3.116521888888889e+16,139,139_0,False,388.70972343363655,163606623.22023672,0.10525917999527751,0.7567066973127179,COMPLETED,MOO
140,-7099793575675675.0,3.8485585675675674e+17,-6778963291891892.0,140,140_0,True,374.9060934198651,50000000.0,0.10775080472702314,0.6863646644166453,COMPLETED,MOO
141,-6911057142857143.0,3.8927114285714285e+17,-6271125714285714.0,141,141_0,True,349.62616107280553,50000000.0,0.12,0.8334718313306819,COMPLETED,MOO
142,-7.2922e+16,4.1873e+17,-6.77079088740458e+16,142,142_0,False,360.98647388625034,316827021.7192292,0.11675661550824382,0.6200300597015124,COMPLETED,MOO
143,-3.608012266009852e+16,1.2057837438423645e+17,-3.575492103448276e+16,143,143_0,False,300.73119328676796,1884108864.7976108,0.10692314446695089,0.9344069140937806,COMPLETED,MOO
144,-8.8798e+16,2.5282e+17,-9.2553e+16,144,144_0,False,317.08790462596033,446221099.50165075,0.11099000647667104,0.21362100633542622,COMPLETED,MOO
145,-5.003748810058374e+16,4.711648675348002e+17,-5.166741850022452e+16,145,145_0,False,412.056144692512,296953238.64613044,0.101075362012521,0.7291548591101796,COMPLETED,MOO
146,-3.486e+17,2.5785e+17,-2.17135e+17,146,146_0,False,433.29927973318513,801157486.2056537,0.12,0.7979803817158069,COMPLETED,MOO
147,-0.0,1.0064951357142856e-22,-5.324823271428571e-22,147,147_0,False,451.74425842197957,5000000000.0,0.10969008883337182,1.0,COMPLETED,MOO
148,-4.6393e+17,1.1662e+17,-3.37018e+17,148,148_0,False,300.0,5000000000.0,0.11380453597569572,0.24249373991679143,COMPLETED,MOO
149,-1.2236044930232558e+16,6.507091760465116e+17,-1.3400843930232558e+16,149,149_0,False,389.0368139002003,50000000.0,0.1151937972125595,0.8327152149925161,COMPLETED,MOO
150,-5.9663e+17,1.2059e+17,-3.10991e+17,150,150_0,False,339.92794583682223,5000000000.0,0.11427610579335713,0.4734422428061031,COMPLETED,MOO
151,-2.340807646153846e+16,6.478101982051282e+17,-2.6286480725641024e+16,151,151_0,False,387.14169695339,126201973.38869463,0.10888926086067222,0.8221322280677466,COMPLETED,MOO
152,-4.3837739414606424e+16,6.074861579994317e+17,-4.652938306337027e+16,152,152_0,False,358.3409589755685,140075296.41541338,0.11999341389628772,0.6213476828320149,COMPLETED,MOO
153,-4.3708925308641976e+16,7.087107839506173e+17,-4.989550185185186e+16,153,153_0,False,433.40433761323044,108818021.10378854,0.11038384401332253,0.7637982332262258,COMPLETED,MOO
154,-2.5921946666666656e+16,1.5652966999999994e+17,-2.976803683333332e+16,154,154_0,False,300.0,1459438038.7154691,0.0895547514849781,0.9633546401226897,COMPLETED,MOO
155,-3.86374677816269e+16,8.79761238922248e+17,-4.782277544162176e+16,155,155_0,False,446.64758020611146,68012624.3965004,0.11576806592272927,0.8373824137442687,COMPLETED,MOO
156,-4.7210221102150536e+16,6.161306451612904e+17,-5.1692553763440856e+16,156,156_0,False,428.52901038077584,172727416.9655967,0.10580558025594286,0.771735490470288,COMPLETED,MOO
157,-3.540219486392157e+16,3.030012740196079e+17,-4.194787130509804e+16,157,157_0,False,342.8943292504087,92345562.22672498,0.10564976793928255,0.15141278542891046,COMPLETED,MOO
158,-1017700000000.0,3.1777e+16,-8623300000000000.0,158,158_0,False,312.39795003592707,1554614200.403065,0.10688133843363867,0.989731265260141,COMPLETED,MOO
159,-3.2668305428270044e+16,3.9095986582278483e+17,-3.4203253555907172e+16,159,159_0,False,387.7149676803416,352495396.0723364,0.09566172853867924,0.6961714999097347,COMPLETED,MOO
160,-3.4352506614832536e+16,1.3551683947368421e+17,-3.5639551942105264e+16,160,160_0,False,469.47190658225907,1728890748.494679,0.06659945821790464,0.805301855952735,COMPLETED,MOO
161,-1.3482286377777778e+16,1.3083374955555555e+17,-1.2831230566666666e+16,161,161_0,False,308.3920092495885,636813261.3616886,0.0880830407951296,0.2935640465517109,COMPLETED,MOO
162,-12982660961785.387,9.501377682696424e+17,-2.1692977682696424e+16,162,162_0,False,413.48830764271025,51359775.38484123,0.11415796924896221,0.9092699271820449,COMPLETED,MOO
163,-4.580275748648648e-06,5.14150698918919e-05,-7.728175354054054e-06,163,163_0,False,391.3644310725982,872565608.6575541,0.08569308824675478,0.9942193910736427,COMPLETED,MOO
164,-3.359180582524272e+16,6.572165533980582e+17,-3.8524987378640776e+16,164,164_0,False,384.5952557432282,112065515.5741322,0.10997119377344929,0.6060933485300855,COMPLETED,MOO
165,-4.729128898195876e+16,1.4315e+17,-4.022242889819587e+16,165,165_0,False,332.65945760454736,1530813006.2330022,0.10377687056391052,0.8179646795031226,COMPLETED,MOO
166,-2.5702248847926268e+16,9.077527188940092e+17,-3.185449400921659e+16,166,166_0,False,422.06188476362763,50000000.0,0.11532157357691944,0.7649094994861122,COMPLETED,MOO
167,-0.14033291750000007,0.07595960050000003,-0.0016131546275000004,167,167_0,False,419.92633735073156,50000000.0,0.11119109062337607,0.9905234176596434,COMPLETED,MOO
168,-2.5728270386266096e+16,8.563903433476394e+17,-3.2187588841201716e+16,168,168_0,False,420.47130846358584,50000000.0,0.11215275390790173,0.6757033021356447,COMPLETED,MOO
169,-5.5236897674418615e-30,1.1995348837209302e-34,-8.173581395348838e-34,169,169_0,False,575.0473367559573,4130989388.933171,0.09560405432890898,1.0,COMPLETED,MOO
170,-4.932998509813308e+16,2.4120052138822403e+17,-5.64717318372427e+16,170,170_0,False,319.79284724425617,370555786.4150682,0.10074782674243005,0.1627568572974522,COMPLETED,MOO
171,-3.4598404408094436e+16,7.903662965261382e+17,-4.050061177824621e+16,171,171_0,False,417.7338971524095,96592522.67589712,0.11259241048176212,0.8140501519615362,COMPLETED,MOO
172,-7453264883333333.0,3.2651321166666664e+16,-6202947687500000.0,172,172_0,False,457.98364207286704,1536281061.9641137,0.05941127650166313,0.7111606840148665,COMPLETED,MOO
173,-6.088409449999972e-31,5.698255890959975e-25,-3.860053290640482e-24,173,173_0,False,558.1335428861341,2851036579.6663713,0.10738468457600828,1.0,COMPLETED,MOO
174,-2023700000000000.0,7940430769230769.0,-1262976923076923.0,174,174_0,False,320.39469413249066,1462818803.935273,0.07803954362362574,0.6478513689467489,COMPLETED,MOO
175,-1.1807e+17,1.2176e+17,-8.2072e+16,175,175_0,False,364.63003518344846,3060336747.197403,0.09916852652585915,0.7459806712092814,COMPLETED,MOO
176,-2.7151e+17,1.8621e+17,-1.90197e+17,176,176_0,False,485.68590607458316,2832708071.964684,0.08694788805710843,0.7932671100247544,COMPLETED,MOO
177,-4.3316787500655304e+16,4.8889727099606816e+17,-4.5068453203538664e+16,177,177_0,False,399.29164212282535,279678049.21332335,0.1038648669282917,0.7836839343068668,COMPLETED,MOO
178,-1.666e+17,1.2172e+17,-1.06361e+17,178,178_0,False,362.8119281567354,3571912902.142424,0.10893732772331578,0.9225140029296737,COMPLETED,MOO
179,-7.2882e+17,1.2178e+17,-3.21931e+17,179,179_0,False,349.9473009017314,5000000000.0,0.11890419198270234,0.5968168067107311,COMPLETED,MOO
180,-2.667834328358209e+16,2.087947014925373e+17,-2.8407779104477612e+16,180,180_0,False,379.6416700503687,812640189.3155487,0.08784456622030082,0.871470290726544,COMPLETED,MOO
181,-63708000000000.0,8.1322e+17,-4.4679e+16,181,181_0,False,486.7169324743572,50000000.0,0.11513866723027742,0.9075287300400737,COMPLETED,MOO
182,-5.648e+16,6.048e+17,-6.4131e+16,182,182_0,False,456.2488998981008,110619872.73249242,0.10659222449315045,0.6648598553651588,COMPLETED,MOO
183,-5.0796e+16,7.7577e+17,-6.4054e+16,183,183_0,False,511.1968306102109,51631101.72519517,0.11186919612529567,0.7979876833919509,COMPLETED,MOO
184,-6.22311315929675e+16,3.19211315929675e+17,-6.2947197389451256e+16,184,184_0,False,304.5860529569799,649370711.1142583,0.10749224715863455,0.34231414582822267,COMPLETED,MOO
185,-4.6391e+16,7.590905123489228e+17,-5.8373e+16,185,185_0,False,503.66964264319085,50000000.0,0.10849491612071355,0.7237394177381843,COMPLETED,MOO
186,-13971000000000.0,3.4499e+17,-2.3653e+16,186,186_0,False,521.5120667289074,50000000.0,0.11193646193206987,0.9507444206293862,COMPLETED,MOO
187,-4.8007e+17,1.4761e+17,-2.4789e+17,187,187_0,False,418.3966585271494,3736061630.2699685,0.10440030325812472,0.7637765359403563,COMPLETED,MOO
188,-3.792697556331323e+16,8.04357359568391e+17,-4.864863503649635e+16,188,188_0,False,498.63142249793646,50000000.0,0.10332212344857117,0.6845219982373446,COMPLETED,MOO
189,-2.292917505882353e+16,8.792003190196078e+17,-2.925241520588235e+16,189,189_0,False,500.5730848075849,50000000.0,0.09423428829160493,0.7021071491990232,COMPLETED,MOO
190,-5644446875000000.0,2.96258125e+17,-5162465625000000.0,190,190_0,True,499.860471070205,50000000.0,0.08173338620866583,0.7153912322338782,COMPLETED,MOO
191,-4.420290454153846e+16,8.864621938e+17,-5.634635055692307e+16,191,191_0,False,567.3901737039207,75019774.36707309,0.08917224474229712,0.7571134161243034,COMPLETED,MOO
192,-1.4777773714285714e+16,6.931951885714286e+17,-1.7480113357142856e+16,192,192_0,False,504.27070777131485,50000000.0,0.08896501083249607,0.7224639913849354,COMPLETED,MOO
193,-2.0392137931034484e+16,8.8962e+17,-2.5453810344827584e+16,193,193_0,False,575.7230078433618,50000000.0,0.08290115846625926,0.7859265680762682,COMPLETED,MOO
194,-8953300000000000.0,4.1879354838709677e+17,-8745477419354838.0,194,194_0,True,567.8395453926645,54673558.41216559,0.07560892508159836,0.7759648414569987,COMPLETED,MOO
195,-1.1811998e+16,7.0534975e+17,-1.520473458e+16,195,195_0,False,585.3532060253103,50377279.73803695,0.07896656538508577,0.8706870087941335,COMPLETED,MOO
196,-229610000000000.0,8.9808e+17,-5.7547e+16,196,196_0,False,600.0,88177970.71200776,0.08685208875789452,0.8748595389061541,COMPLETED,MOO
197,-9.9698e+16,6.3004e+17,-1.1659e+17,197,197_0,False,600.0,88968439.29282098,0.09698122939670303,0.7516715866532556,COMPLETED,MOO
198,-8.5993e+16,6.9754e+17,-1.06812e+17,198,198_0,False,600.0,123581287.4509057,0.09261654394905665,0.8283405695919427,COMPLETED,MOO
199,-1e+20,0.0,-1e+20,199,199_0,False,598.9424339950035,50000000.0,0.10398731685099752,0.7053428161263516,COMPLETED,MOO
200,-1e+20,0.0,-1e+20,200,200_0,False,580.3692753154528,129511170.16527271,0.09421953239344825,0.7575063569525341,COMPLETED,MOO
201,-1e+20,0.0,-1e+20,201,201_0,False,521.284622969709,50000000.0,0.07460198983123417,0.8615819641450807,COMPLETED,MOO
202,-4.54659487534626e+16,7.089929686057248e+17,-5.360114958448754e+16,202,202_0,False,462.5232120273129,96697137.36117159,0.10523098404259021,0.7260381496497659,COMPLETED,MOO
203,-4.7136e+16,7.5207e+17,-5.6964e+16,203,203_0,False,461.845372204944,50000000.0,0.12,0.760598656662538,COMPLETED,MOO
204,-4.2390832265579496e+16,5.746151805474665e+17,-4.815406930693069e+16,204,204_0,False,458.47281150517824,197439286.21414316,0.09215777590022209,0.6815712959555272,COMPLETED,MOO
205,-3.624393023255814e-37,1.4803953488372092e-23,-6.654079069767443e-26,205,205_0,False,300.0,50000000.0,0.05,1.0,COMPLETED,MOO
206,-1.516e+17,1.7545e+17,-1.21783e+17,206,206_0,False,486.0041510500714,2587304258.601574,0.07737345606780971,0.686759113021605,COMPLETED,MOO
207,-3.4378e+18,9.2765e+16,-9.2055e+17,207,207_0,False,490.58286164407497,5000000000.0,0.1197751871307054,0.8459920218389734,COMPLETED,MOO
208,-17662000000000.0,3.9135e+17,-2.29445e+16,208,208_0,False,600.0,50000000.0,0.09463763973879663,0.9371342302747596,COMPLETED,MOO
209,-1.217295497619054e-33,7.059273859523847e-23,-6.804653045238131e-24,209,209_0,False,516.6615754669299,50000000.0,0.12,1.0,COMPLETED,MOO
210,-1.671890909090909e+16,4.122027272727273e+16,-1.4471754545454546e+16,210,210_0,False,521.311617395446,3015843971.1417994,0.05,0.6917208563216667,COMPLETED,MOO
211,-9.9407e+16,9.4146e+16,-7.9005e+16,211,211_0,False,300.0,5000000000.0,0.09805039545903299,0.41613361382119285,COMPLETED,MOO
212,-2.463e+17,2.5776e+17,-1.8345e+17,212,212_0,False,467.5190137493376,1146309411.6039264,0.09760892678805955,0.7134804455289631,COMPLETED,MOO
213,-0.0,2.1212500000000004e-19,-8.5606e-21,213,213_0,False,555.8584759017408,50000000.0,0.09568498797619795,1.0,COMPLETED,MOO
214,-3.268132922896511e+16,8.39067223688068e+17,-3.983750718264438e+16,214,214_0,False,418.5111853683801,50000000.0,0.12,0.7210560573439405,COMPLETED,MOO
215,-1.7604e+18,1.1135e+17,-6.3661e+17,215,215_0,False,440.39761558952455,5000000000.0,0.111541629804208,0.6588409242767221,COMPLETED,MOO
216,-214243811904761.9,393602776428571.44,-64355843928571.42,216,216_0,False,341.11541881863843,1426727771.405087,0.0673571131108442,0.9572764605340558,COMPLETED,MOO
217,-1.2749360085106382e+16,6.038926582978723e+17,-1.498399519361702e+16,217,217_0,False,448.58739873712426,50000000.0,0.09431189943574153,0.6193023975558634,COMPLETED,MOO
218,-1e+20,0.0,-1e+20,218,218_0,False,351.5454372977622,50000000.0,0.05984743913874666,0.7710433463779304,COMPLETED,MOO
219,-7.309140555908912e+16,7.239339377228111e+17,-8.633367331252454e+16,219,219_0,False,600.0,180684779.8976412,0.08079937045483325,0.7766039306816805,COMPLETED,MOO
220,-3.660623633139957e+16,8.282021476613489e+17,-4.5973008203408264e+16,220,220_0,False,465.07817643321096,50000000.0,0.11240452698883938,0.7447341316537582,COMPLETED,MOO
221,-6560900000000.0,8.531e+16,-1.90081e+16,221,221_0,False,600.0,311007009.0917349,0.08628196459159815,0.9744305263946197,COMPLETED,MOO
222,-5295675000000000.0,2.817425e+17,-4875425000000000.0,222,222_0,True,466.5518671522716,50000000.0,0.08507629858220617,0.6610282825420323,COMPLETED,MOO
223,-2.1952171130434784e+16,8.00458994347826e+17,-2.3981313313043476e+16,223,223_0,False,600.0,50000000.0,0.07589546487291145,0.6756087699622919,COMPLETED,MOO
224,-2.1241532066666668e+16,8.2153279e+17,-2.691112066e+16,224,224_0,False,453.7836451496264,50000000.0,0.10062136658217455,0.6620191390329105,COMPLETED,MOO
225,-3.2513806115384616e+16,1.028620441025641e+18,-4.046172796153846e+16,225,225_0,False,600.0,50000000.0,0.082195614703352,0.7165398870577098,COMPLETED,MOO
226,-2.0008148622641508e+16,7.7220988e+17,-2.3254237896226416e+16,226,226_0,False,556.1406790341946,50000000.0,0.08100858106010565,0.6605782092069974,COMPLETED,MOO
227,-1e+20,0.0,-1e+20,227,227_0,False,471.3537773895978,5000000000.0,0.0666363278019814,0.6738570528669036,COMPLETED,MOO
228,-2.1543268297297296e+16,9.150379889189189e+17,-2.7469658578378376e+16,228,228_0,False,554.1261733878462,50000000.0,0.08673128678074679,0.7808918154094525,COMPLETED,MOO
229,-169220000000000.0,9.3442e+17,-4.3723e+16,229,229_0,False,600.0,50000000.0,0.09083270182852321,0.8705798449587051,COMPLETED,MOO
230,-1.6967014925373134e+16,7.423458208955224e+17,-2.0579428358208956e+16,230,230_0,False,422.68922791340395,50000000.0,0.10414496003787374,0.6547732303382858,COMPLETED,MOO
231,-2.8935336445945944e+16,9.969706068918918e+17,-3.735731904054054e+16,231,231_0,False,570.6708230934287,50000000.0,0.08671744075868958,0.7471547672910508,COMPLETED,MOO
232,-1.919090371875e+16,7.607801809375e+17,-2.1527286871875e+16,232,232_0,False,578.3744439453849,50000000.0,0.078497119221276,0.6943490163403885,COMPLETED,MOO
233,-168330000000000.0,1.1389e+18,-6.629e+16,233,233_0,False,472.40051794792384,50000000.0,0.12,0.8790109369332947,COMPLETED,MOO
234,-3.390628290923077e+16,9.295780238923077e+17,-4.434086736307692e+16,234,234_0,False,487.056303960377,50000000.0,0.10830168489284861,0.8039610561137749,COMPLETED,MOO
235,-2.719662294618834e+16,8.388546806726458e+17,-3.5322587112556056e+16,235,235_0,False,478.2725152542197,50000000.0,0.09866559841507483,0.636667952306788,COMPLETED,MOO
236,-5.137700426681727e+16,2.168900426681727e+17,-5.241800426681727e+16,236,236_0,False,453.7752816056433,1240650912.9788427,0.07878279411112862,0.847161391727283,COMPLETED,MOO
237,-1.4581333333333334e+16,8.8578e+17,-2.0312966666666668e+16,237,237_0,False,524.9643866916027,50000000.0,0.08988643731533995,0.8714152106302095,COMPLETED,MOO
238,-1.1900926829268292e+16,6.181307317073171e+17,-1.3627087804878048e+16,238,238_0,False,483.88443469207186,50000000.0,0.09274893864311143,0.7872392570517653,COMPLETED,MOO
239,-42347343495662.46,9.048157768099369e+17,-2.526685776809937e+16,239,239_0,False,565.6028905780375,50000000.0,0.08773839216886338,0.8808669819097966,COMPLETED,MOO
240,-9495732258064516.0,4.6258645161290323e+17,-9413590322580644.0,240,240_0,True,590.2394500465148,50000000.0,0.07481988510851412,0.8014540330230757,COMPLETED,MOO
241,-143233205302515.28,1.294035995921142e+18,-5.5056e+16,241,241_0,False,511.3183195760603,50000000.0,0.1048691531813539,0.8523221910690101,COMPLETED,MOO
242,-2.0980301075268816e+16,7.739727956989247e+17,-2.4888240860215056e+16,242,242_0,False,413.63234053998156,68514783.1882516,0.1075179122853881,0.7384911566159484,COMPLETED,MOO
243,-1.1171e+17,5.8636e+17,-1.28268e+17,243,243_0,False,522.3661571754888,168269192.00636363,0.10885299018885963,0.8879373215403097,COMPLETED,MOO
244,-4.582625199131065e+16,8.035037291817523e+17,-5.7222261042722664e+16,244,244_0,False,481.9894554800775,50000000.0,0.11675810074136403,0.8069596124575787,COMPLETED,MOO
245,-1.5932e+18,1.2348e+17,-6.0432e+17,245,245_0,False,497.8752555941753,5000000000.0,0.10608201788653995,0.8736232554403124,COMPLETED,MOO
246,-22213742002063.984,9.5122e+17,-2.45789e+16,246,246_0,False,509.2319855888071,50000000.0,0.09591620862220884,0.8879800051832384,COMPLETED,MOO
247,-2.6839294489932884e+16,9.308031826174496e+17,-3.496047504966443e+16,247,247_0,False,495.02217618025196,50000000.0,0.0997875235339537,0.7575844713341818,COMPLETED,MOO
248,-1327419354838709.8,6.1165161290322584e+16,-671555806451612.9,248,248_0,True,437.74647262380415,50000000.0,0.07887745045650757,0.6167399933751666,COMPLETED,MOO
249,-3.851769814035088e+16,2.0699383877192982e+17,-4.384018331754386e+16,249,249_0,False,461.663917078702,1417245556.3867283,0.06720281207789978,0.8918006027561893,COMPLETED,MOO
250,-5.6404e+16,7.789e+17,-7.2919e+16,250,250_0,False,504.0623007145745,50000000.0,0.11963007797181996,0.8603227227660377,COMPLETED,MOO
251,-1.8791e+17,1.6669e+17,-1.41598e+17,251,251_0,False,479.32033111161775,3012177288.9202085,0.08080173727300669,0.7267410261365711,COMPLETED,MOO
252,-4239468159375000.0,2.391949375e+17,-3333082876875000.0,252,252_0,True,351.69880468037593,50000000.0,0.11443240545206858,0.8388883567385984,COMPLETED,MOO
253,-1.8452829916666664e+16,7.423931416666666e+17,-2.336966068333333e+16,253,253_0,False,512.0573388830237,88990217.4898515,0.08601270815878415,0.863814881507875,COMPLETED,MOO
254,-4.264931076923077e+16,5.296454384615384e+17,-4.762646615384616e+16,254,254_0,False,419.5771432601983,193095407.05607924,0.09818546053634822,0.6029588055232133,COMPLETED,MOO
255,-5.9935e+17,1.7028e+17,-3.78913e+17,255,255_0,False,573.6387318940566,5000000000.0,0.07874156034867001,0.8460340582123678,COMPLETED,MOO
256,-4.010935e+16,1.016195e+18,-5.239455e+16,256,256_0,False,600.0,50000000.0,0.08744072839686501,0.7433376200125187,COMPLETED,MOO
257,-6.4526e+16,2.6606e+17,-6.6292e+16,257,257_0,False,369.02127753358366,110483475.87379175,0.11037047559316401,0.2047934545223487,COMPLETED,MOO
258,-3.3584599866666668e+16,8.506751917333334e+17,-4.322210636888889e+16,258,258_0,False,484.3906267005548,50000000.0,0.10464463963322479,0.7090929359223623,COMPLETED,MOO
259,-2.1407e+17,1.168e+17,-1.19879e+17,259,259_0,False,313.5047872628055,4108551817.9393954,0.11776768787009613,0.6970158358591344,COMPLETED,MOO
260,-1.9724998428571428e+16,8.04774457922078e+17,-2.4782170032467532e+16,260,260_0,False,480.29343659725316,50000000.0,0.09477454676067368,0.6753446141734734,COMPLETED,MOO
261,-851291538461538.5,450655897435897.44,-226599820512820.5,261,261_0,False,312.51108636768436,5000000000.0,0.06885043777547015,0.8229634288455875,COMPLETED,MOO
262,-5.1878e+17,1.5604e+17,-3.15199e+17,262,262_0,False,524.6592909628126,5000000000.0,0.08471136124776349,0.8586982109518619,COMPLETED,MOO
263,-4.182835534326968e+16,7.086647777876106e+17,-5.100939303632977e+16,263,263_0,False,440.05239580538,50000000.0,0.11724975509213068,0.6449615619658002,COMPLETED,MOO
264,-3040251327586207.0,1.6742719586206896e+17,-2290150071034482.5,264,264_0,True,454.8735312786841,50000000.0,0.08757313205076378,0.8257600561306262,COMPLETED,MOO
265,-2.8903756574585636e+16,7.82394628121547e+17,-3.61793679198895e+16,265,265_0,False,400.55175882037486,50000000.0,0.11550513474815129,0.5793333559956633,COMPLETED,MOO
266,-1.3757405405405406e+16,6.166586486486487e+17,-1.4735554054054052e+16,266,266_0,False,583.023090628114,51817015.92629264,0.07707342923125897,0.7632203343438829,COMPLETED,MOO
267,-7.7643e+17,8.7194e+16,-4.1238e+17,267,267_0,False,339.406777352783,4292923029.423335,0.11273115689790437,0.2614428529230844,COMPLETED,MOO
268,-3.313658536585366e-28,1.1403373170731706e-22,-2.1831451219512193e-22,268,268_0,False,527.7322314916273,1843588249.510782,0.10106587221884746,1.0,COMPLETED,MOO
269,-3.2042e+17,1.3485e+17,-1.84332e+17,269,269_0,False,398.3754426714262,4040935299.6456704,0.0999023765854076,0.6911249498913087,COMPLETED,MOO
270,-4882793233333333.0,2.6387357e+17,-4450921913333333.0,270,270_0,True,435.38755816289995,50000000.0,0.08906985894220194,0.6204067680178597,COMPLETED,MOO
271,-3.8846e+17,1.5581e+17,-2.04347e+17,271,271_0,False,409.7589930952408,3172202412.7594023,0.10957827981279103,0.8771800276811339,COMPLETED,MOO
272,-1.2227780487804879e-30,1.875229268292683e-27,-3.243784390243903e-27,272,272_0,False,576.9480585757304,4106167161.3516254,0.07542384960585856,1.0,COMPLETED,MOO
273,-165278425778175.3,1.2685e+18,-6.2009e+16,273,273_0,False,494.36979784174025,50000000.0,0.11109188189208731,0.8600158305751976,COMPLETED,MOO
274,-1.2596025e+16,5.2209718e+17,-1.24535972e+16,274,274_0,False,580.5780602280141,50000000.0,0.07410256160796422,0.6699533195930716,COMPLETED,MOO
275,-1874500000000.0,3.6766e+17,-8518200000000000.0,275,275_0,True,514.0232646121794,50000000.0,0.09273586912575377,0.9479669746610885,COMPLETED,MOO
276,-7.2147e+16,9.2763e+16,-5.4804e+16,276,276_0,False,338.9511375927573,3396402800.104438,0.0959004547729905,0.6777358345225395,COMPLETED,MOO
277,-8.554e+16,8.5292e+16,-5.8843e+16,277,277_0,False,325.48247104948405,3709801274.8760085,0.10772980078229576,0.8741699331282686,COMPLETED,MOO
278,-1.3866486536585366e+16,6.385993914634147e+17,-1.5869775765853658e+16,278,278_0,False,522.3728268685338,50000000.0,0.08467367034640227,0.7078015687961179,COMPLETED,MOO
279,-4.364683284714119e+16,1.025016715285881e+17,-3.923071671528588e+16,279,279_0,False,343.58047244958277,2499441049.487465,0.08378711696551751,0.4330238456708096,COMPLETED,MOO
280,-33972230109575.99,7.096481229156741e+17,-1.945588122915674e+16,280,280_0,False,600.0,50000000.0,0.08240639720758844,0.8974013687794737,COMPLETED,MOO
281,-4418355555555555.5,9295633333333334.0,-3214617777777778.0,281,281_0,False,452.6120094857656,3059072066.557155,0.054534151059704175,0.8041333167607534,COMPLETED,MOO
282,-5.5544e+16,2.8809e+17,-5.9533e+16,282,282_0,False,351.2941730619412,462148946.6381798,0.09833398922412992,0.3170765893290145,COMPLETED,MOO
283,-8786340000000000.0,4.442785e+17,-9120835000000000.0,283,283_0,True,360.6729888670012,50000000.0,0.10828676989805905,0.5458169759837516,COMPLETED,MOO
284,-6.5317e+17,1.6471e+17,-3.54646e+17,284,284_0,False,496.85075930493616,3715471783.989756,0.09462839623448974,0.8175310511918348,COMPLETED,MOO
285,-1e+20,0.0,-1e+20,285,285_0,False,419.9730621926964,50000000.0,0.12,0.5679221475246338,COMPLETED,MOO
286,-3.805918233324749e+16,7.856260777749164e+17,-4.690836466649498e+16,286,286_0,False,445.7590692569409,50000000.0,0.11622330354184839,0.7068763526933182,COMPLETED,MOO
287,-6.5774e+17,1.459e+17,-3.21779e+17,287,287_0,False,386.30699662282234,2989540267.958236,0.11473146948332878,0.5983458152820913,COMPLETED,MOO
288,-1.25998125e+16,6.210977083333334e+17,-1.3383029166666666e+16,288,288_0,False,351.6667880293933,50000000.0,0.12,0.676032539342403,COMPLETED,MOO
289,-2.2098666666666668e+16,5.438620833333333e+17,-2.56515625e+16,289,289_0,False,406.7724444237914,133302158.16886646,0.09372896223156703,0.553514242169502,COMPLETED,MOO
290,-3.71136015037594e+16,1.509749022556391e+17,-3.727879819548872e+16,290,290_0,False,437.4905931628541,1488655929.4928267,0.07485023317488784,0.7926308165485604,COMPLETED,MOO
291,-1e+20,0.0,-1e+20,291,291_0,False,424.20678462442623,50000000.0,0.0931259545063855,0.673938454205813,COMPLETED,MOO
292,-3.4892525357607284e+16,5.662154486345904e+17,-4.1741391807542264e+16,292,292_0,False,449.48828864241426,152887668.9841507,0.08943479228844328,0.5333874631928228,COMPLETED,MOO
293,-3.2920452631578948e+16,6.070773421052631e+17,-3.932082868421053e+16,293,293_0,False,411.93714487260934,119469845.74780652,0.09969868436928545,0.5358376597835589,COMPLETED,MOO
294,-3.427318710601719e+16,6.724406905444125e+17,-4.240873553008596e+16,294,294_0,False,456.4362522420106,90977133.99453253,0.09618861004362125,0.5739416839063753,COMPLETED,MOO
295,-2.5267e+16,5.178589830508475e+17,-2.9180222033898304e+16,295,295_0,False,438.91973999770084,174879816.42616215,0.086556061784772,0.5858923718597737,COMPLETED,MOO
296,-3.608473100506531e+16,4.2816729672087443e+17,-3.991675659824047e+16,296,296_0,False,392.97463377586797,277133464.837027,0.09333352032727821,0.5063410417726659,COMPLETED,MOO
297,-2.286510860958904e+16,8.234569369863013e+17,-2.823507913082192e+16,297,297_0,False,395.1985877544979,50000000.0,0.11387011173186137,0.6206974877873327,COMPLETED,MOO
298,-4.294564397735709e+16,5.5983139806607277e+17,-4.980298098106905e+16,298,298_0,False,455.55512746816925,168361739.32587057,0.09231511290028527,0.5921345961445648,COMPLETED,MOO
299,-5589765625000000.0,3.2480875e+17,-4953656250000000.0,299,299_0,True,371.67814558691805,50000000.0,0.112650662644295,0.8634322909064829,COMPLETED,MOO
300,-4.144738207004034e+16,5.674489542134213e+17,-4.894921592922626e+16,300,300_0,False,432.5893052531925,126338033.08495201,0.09899578740297393,0.5424938563901153,COMPLETED,MOO
301,-2.8930926596107056e+16,9.022996890510949e+17,-3.5615951804136256e+16,301,301_0,False,419.1659389238032,50000000.0,0.11890175963373316,0.7715127683918874,COMPLETED,MOO
302,-4.56321182531894e+16,4.3453689401373894e+17,-5.182888616290481e+16,302,302_0,False,420.84742903218597,231592910.10867533,0.09278730083373421,0.47095544234938624,COMPLETED,MOO
303,-3.602201039990859e+16,4.777921871983547e+17,-3.947882442239488e+16,303,303_0,False,392.59300890841433,240972750.37946737,0.09750246014430819,0.577023567866936,COMPLETED,MOO
304,-3.148611162149533e+16,3.950491036214953e+17,-3.4642976825700932e+16,304,304_0,False,404.61936280025293,319625301.2551723,0.08781413112302716,0.5326695826562967,COMPLETED,MOO
305,-3.412005450620615e+16,2.8514407717215328e+17,-3.4007285779816516e+16,305,305_0,False,369.9397418190582,564767163.4045459,0.09477482644006388,0.6799030709959248,COMPLETED,MOO
306,-33872863520408.164,9.9936e+17,-3.06554e+16,306,306_0,False,499.8466116847327,50000000.0,0.10109212760399394,0.8853530702006769,COMPLETED,MOO
307,-61995290912402.03,1.1347e+18,-4.2192e+16,307,307_0,False,465.8879857113383,50000000.0,0.11238846240036666,0.8805945000636005,COMPLETED,MOO
308,-2.4440554794520548e+16,8.744231506849315e+17,-3.086793287671233e+16,308,308_0,False,439.95834300805296,50000000.0,0.10780261458190571,0.7032899195195214,COMPLETED,MOO
309,-2.3900842105263156e+16,7.903554736842106e+17,-2.979739157894737e+16,309,309_0,False,380.9276845017012,50000000.0,0.11504635231897233,0.5467831294812994,COMPLETED,MOO
310,-2.72811125035461e+16,3.144718978723404e+17,-2.88695986e+16,310,310_0,False,409.92088691260557,435603397.9338644,0.08438158291102216,0.6450751121293368,COMPLETED,MOO
311,-2.3267e+17,1.3187e+17,-1.60607e+17,311,311_0,False,454.1663243931108,4661116996.330741,0.08837305575526289,0.8940417469742326,COMPLETED,MOO
312,-0.0,5.61021430000003e-26,-2.993257339285731e-25,312,312_0,False,479.2555718786466,4284041562.0661936,0.10806311745868738,1.0,COMPLETED,MOO
313,-6.4851e+16,3.0347e+17,-7.0682e+16,313,313_0,False,373.6840187696436,194169347.01874036,0.10606766395249441,0.2887710511579034,COMPLETED,MOO
314,-1e+20,0.0,-1e+20,314,314_0,False,300.0,2995207215.0121965,0.08056234469282053,0.8632861316453904,COMPLETED,MOO
315,-1931747828115355.5,2.130651101578726e+16,-2997041684750842.5,315,315_0,False,342.0146048457839,2872385805.7946796,0.08568695854752417,0.9878080961015125,COMPLETED,MOO
316,-2.624135910240964e+16,7.586861912650602e+17,-3.347615763614458e+16,316,316_0,False,399.14796693641983,50000000.0,0.11151751787460985,0.5278320769169652,COMPLETED,MOO
317,-1.3741217391304348e+16,7.162060869565217e+17,-1.6642347826086956e+16,317,317_0,False,505.54129439084124,50000000.0,0.09141664109205785,0.8302157491345413,COMPLETED,MOO
318,-6.010835443432634e+16,3.9311354434326336e+17,-6.239970886865267e+16,318,318_0,False,449.89588338838416,425048517.10875964,0.08841950482139298,0.6269673509288959,COMPLETED,MOO
319,-5685680000000000.0,4.46218e+16,-5499420000000000.0,319,319_0,False,354.32047258951167,891745856.3031926,0.08224521956820088,0.903764321878349,COMPLETED,MOO
320,-3.1012829411764704e+16,5.6950979411764704e+17,-3.693864338235294e+16,320,320_0,False,410.5692924503363,138965128.2285547,0.0959929791426894,0.5110001267454122,COMPLETED,MOO
321,-2.8923571955719556e+16,2.757409225092251e+17,-2.9657123985239852e+16,321,321_0,False,384.167747319565,539290330.5215175,0.08821379385438796,0.6407974188249727,COMPLETED,MOO
322,-5.3744869680851064e+16,4.1018604609929075e+17,-5.783625753546099e+16,322,322_0,False,481.6768047317358,411954918.28127575,0.0804468717611225,0.6027205024433588,COMPLETED,MOO
323,-3701248275862069.0,3.387748275862069e+16,-2872891724137931.0,323,323_0,False,352.88913021655674,669144836.8899633,0.07826297306457221,0.5982374289028868,COMPLETED,MOO
324,-3.9684595290423864e+16,4.159315761381476e+17,-4.078355830455259e+16,324,324_0,False,387.74892164932544,344215243.16393334,0.09989266719108993,0.7089892395931562,COMPLETED,MOO
325,-1.6186998375e+16,6.6355990875e+17,-1.9816097275e+16,325,325_0,False,380.5881633370871,50000000.0,0.107127227281752,0.4907214645668437,COMPLETED,MOO
326,-0.0,7.462991632499999e-35,-3.359206232249999e-35,326,326_0,False,310.69984538231944,3894348054.5299993,0.07107398153321878,1.0,COMPLETED,MOO
327,-3.3325815028901736e+16,9.25966204238921e+17,-4.3732909441233144e+16,327,327_0,False,499.4135311540778,50000000.0,0.10458838399537249,0.7861054018894463,COMPLETED,MOO
328,-1.3018081138888888e+16,4.981598866666666e+17,-1.2126022241666666e+16,328,328_0,False,600.0,50000000.0,0.07045255381867785,0.6251381531961695,COMPLETED,MOO
329,-9964412241521.918,5.9048e+17,-1.373446546732837e+16,329,329_0,False,573.9299302675365,50000000.0,0.0831415160076914,0.9156741730386653,COMPLETED,MOO
330,-1e+20,0.0,-1e+20,330,330_0,False,600.0,50000000.0,0.0846816496666162,0.7908459165771035,COMPLETED,MOO
331,-3.898084347826087e+16,6.369606086956522e+17,-4.6336234782608696e+16,331,331_0,False,487.0537139640788,146487979.97149682,0.08721977138694906,0.6221950056004454,COMPLETED,MOO
332,-7.6424e+16,4.5246e+17,-8.2216e+16,332,332_0,False,481.8729349636676,249134934.10958755,0.09185124719320563,0.5814356791792639,COMPLETED,MOO
333,-1.17299985e+16,5.850146734782609e+17,-1.306491497173913e+16,333,333_0,False,400.03364049283186,50000000.0,0.10548414291654032,0.6572768921458055,COMPLETED,MOO
334,-3.3386299186578548e+16,5.758742806304016e+16,-3.059375368581596e+16,334,334_0,False,300.0,4134003572.0374393,0.07963255343608502,0.16025007429076774,COMPLETED,MOO
335,-1372237500000000.0,7.0013875e+16,-940380000000000.0,335,335_0,True,395.8219392462379,50000000.0,0.08041287365890254,0.338779573245405,COMPLETED,MOO
336,-0.0,2.920060795121952e-32,-8.814775151219515e-32,336,336_0,False,391.0953967732028,5000000000.0,0.1152671942414841,1.0,COMPLETED,MOO
337,-1.8188e+18,1.1706e+17,-6.3867e+17,337,337_0,False,471.46862720612717,4957446191.656235,0.11048127637012256,0.796920734070506,COMPLETED,MOO
338,-202583846153846.16,764233589743589.8,-4123075128205.128,338,338_0,False,477.879675082506,50000000.0,0.05271834804566711,0.5214418652579387,COMPLETED,MOO
339,-1e+20,0.0,-1e+20,339,339_0,False,395.72065955003313,50000000.0,0.0810864647759795,0.49629078803096205,COMPLETED,MOO
340,-1.49645625e+16,7.108975e+17,-1.749568125e+16,340,340_0,False,562.7953631273664,50000000.0,0.08203666679247337,0.7941307225749893,COMPLETED,MOO
341,-1e+20,0.0,-1e+20,341,341_0,False,530.7781700668045,50000000.0,0.0998657757210118,0.8721148378692809,COMPLETED,MOO
342,-1e+20,0.0,-1e+20,342,342_0,False,458.5283953215644,50000000.0,0.0943309311245371,0.5437972980332076,COMPLETED,MOO
343,-1984566.6666666667,547406666.6666666,-14956553.333333334,343,343_0,False,564.1217061855037,50000000.0,0.08757943643189622,0.9858914860976347,COMPLETED,MOO
344,-6653220209090909.0,3.5168021727272723e+17,-6472949936363636.0,344,344_0,True,483.7244367023894,50000000.0,0.08554039198549095,0.7148765077780238,COMPLETED,MOO
345,-5.7314e+17,1.8907e+17,-3.96784e+17,345,345_0,False,561.1337651736039,4080947598.538055,0.08530064846967145,0.9213484774354126,COMPLETED,MOO
346,-1.7697e+17,2.3538e+17,-1.36773e+17,346,346_0,False,395.686091814624,1036163061.940087,0.10423650840397138,0.5471720577391682,COMPLETED,MOO
347,-3.645459792904884e+16,9.042702076838047e+17,-4.694513878920309e+16,347,347_0,False,475.52288221719004,50000000.0,0.11294203980232456,0.8125295942321273,COMPLETED,MOO
348,-1.1316657613636364e+16,5.725587520454545e+17,-1.1947590852272726e+16,348,348_0,False,363.87140497381233,50000000.0,0.11531851229406627,0.6787725665437545,COMPLETED,MOO
349,-6.3911967947445976e+16,6.233341092288801e+17,-7.262731855550098e+16,349,349_0,False,545.4686921801742,219892849.96776095,0.08333534321300254,0.7312473209598417,COMPLETED,MOO
350,-1.1957748416666666e+16,5.20154905e+17,-1.44003598625e+16,350,350_0,False,387.14344819221697,50000000.0,0.09994200095261849,0.4329754322337872,COMPLETED,MOO
351,-535805937428571.44,2.702119291428571e+16,-300802921000000.0,351,351_0,False,300.0,50000000.0,0.09386278381897842,0.21356741369413604,COMPLETED,MOO
352,-2.5082e+17,4.3281e+16,-1.6519e+17,352,352_0,False,318.9012521930336,5000000000.0,0.09416086764035553,0.07581361100530265,COMPLETED,MOO
353,-1.3977402288461538e+16,6.849443117307692e+17,-1.5886953182692308e+16,353,353_0,False,399.486909346032,50000000.0,0.11009618212822898,0.729083093983882,COMPLETED,MOO
354,-2.8727282432197944e+16,4.305185117962725e+16,-2.448646800318123e+16,354,354_0,False,314.13292371819165,5000000000.0,0.08256217023012563,0.53466777183997,COMPLETED,MOO
355,-3.525667741935484e+16,9.427554838709677e+17,-4.045656989247312e+16,355,355_0,False,600.0,50000000.0,0.07720914202894223,0.5827725414294029,COMPLETED,MOO
356,-1.4593e+17,7.2592e+16,-1.23333e+17,356,356_0,False,360.8826055757853,5000000000.0,0.0838864526504347,0.20313476108412437,COMPLETED,MOO
357,-8.9395e+16,2.4302e+17,-8.1119e+16,357,357_0,False,457.7114409790636,1214870195.7662325,0.08345135451741954,0.7067967707619199,COMPLETED,MOO
358,-1.880846640425532e+16,7.125607325531914e+17,-2.1394476036170212e+16,358,358_0,False,551.6820956175446,50000000.0,0.07917914033597175,0.5988677090781258,COMPLETED,MOO
359,-7.9059e+16,7.8337e+16,-7.4943e+16,359,359_0,False,363.70351268944603,3334732162.3005586,0.07955371123907502,0.18623579972388177,COMPLETED,MOO
360,-209530000000000.0,1.0351e+18,-7.1593e+16,360,360_0,False,506.0956510348919,50000000.0,0.11554607927158381,0.8811697669577598,COMPLETED,MOO
361,-2.921224561403509e+16,7.915775438596492e+17,-3.140061403508772e+16,361,361_0,False,600.0,50000000.0,0.07218354085395053,0.5022436019952373,COMPLETED,MOO
362,-1e+20,0.0,-1e+20,362,362_0,False,600.0,50000000.0,0.06531811283488592,0.4835378447978283,COMPLETED,MOO
363,-9.5899e+16,9.5904e+16,-7.2249e+16,363,363_0,False,349.4184106932349,4043082695.620598,0.09158427277348005,0.5515085002558843,COMPLETED,MOO
364,-4.278e+16,7.746500984351338e+16,-3.856810984351338e+16,364,364_0,False,321.05594950903065,3604915620.661114,0.08218092109978056,0.29701066360376177,COMPLETED,MOO
365,-1.872669304347826e+16,6.89739439347826e+17,-2.02048963e+16,365,365_0,False,573.8693499404802,50000000.0,0.07592738734597947,0.6031425187662849,COMPLETED,MOO
366,-19257000000000.0,5.9231e+17,-2.69898e+16,366,366_0,False,460.04583082881743,50000000.0,0.11794511619553498,0.9332044150937726,COMPLETED,MOO
367,-8.572225817578616e+16,2.0489e+17,-8.2702e+16,367,367_0,False,454.89197348958567,1858897219.6589777,0.0829341194686307,0.8966678315319585,COMPLETED,MOO
368,-690710000000000.0,6.1022e+17,-1.4749e+17,368,368_0,False,600.0,603781290.4367406,0.07601014113507365,0.9099949640458616,COMPLETED,MOO
369,-5.6479e+17,2.2773e+17,-3.91316e+17,369,369_0,False,595.7917088567594,2069696326.21757,0.07809200676058914,0.6513973297078187,COMPLETED,MOO
370,-1.2520184210526316e+16,2.482897368421053e+16,-1.0059105263157894e+16,370,370_0,False,300.0,4583194748.806688,0.07590449746372151,0.3532789941161672,COMPLETED,MOO
371,-1.5155666666666666e+16,7.404066666666666e+17,-1.83148e+16,371,371_0,False,534.4239109343496,50000000.0,0.08682576956158672,0.8034929502621566,COMPLETED,MOO
372,-2290100000000.0,2.0493e+17,-9672700000000000.0,372,372_0,True,600.0,50000000.0,0.0909900614822137,0.9595718651977938,COMPLETED,MOO
373,-1e+20,0.0,-1e+20,373,373_0,False,382.8228862470858,715318554.2184005,0.09687015155233508,0.433117569734036,COMPLETED,MOO
374,-2.8692696950000012e-31,7.761184110000004e-29,-5.136536586750003e-29,374,374_0,False,377.2574811414162,5000000000.0,0.06900760367995501,1.0,COMPLETED,MOO
375,-0.0,3.977550622499997e-34,-2.155036358499998e-34,375,375_0,False,341.84361437741507,5000000000.0,0.058544985420087806,1.0,COMPLETED,MOO
376,-2435987878787879.0,1.3302060606060606e+17,-1645808787878788.0,376,376_0,True,354.74578514605025,50000000.0,0.10315339035991382,0.669752031983983,COMPLETED,MOO
377,-6675500000000.0,3.0817e+17,-1.6366e+16,377,377_0,False,483.2777566450301,50000000.0,0.11527486940951485,0.9578700371338411,COMPLETED,MOO
378,-1919600000000000.0,5.493e+17,-2.74087e+17,378,378_0,False,541.6634783152172,920927611.2157657,0.08958289300834454,0.9264428123740579,COMPLETED,MOO
379,-3.9235464097560968e-28,1.8642111219512198e-16,-1.1156488656097564e-16,379,379_0,False,300.0,3219479300.187115,0.11214652136993966,1.0,COMPLETED,MOO
380,-4.8088e+16,1.4865e+17,-4.9162e+16,380,380_0,False,385.2427155907664,224042394.02662164,0.09019075207104368,0.11474397283880149,COMPLETED,MOO
381,-301290000000000.0,3.7704e+17,-1.234e+17,381,381_0,False,530.4325765788262,825256233.6783177,0.08538969942895391,0.9458667825482336,COMPLETED,MOO
382,-2.5007e+17,1.4746e+17,-1.74037e+17,382,382_0,False,463.12297981461717,3740636588.2835803,0.08231074683575168,0.6208889087225588,COMPLETED,MOO
383,-9.575e+17,1.2961e+17,-4.2858e+17,383,383_0,False,447.1581796354594,5000000000.0,0.10190364738272867,0.6987272338504539,COMPLETED,MOO
384,-3.728444216004212e+16,5.065475745511977e+17,-3.978860717691498e+16,384,384_0,False,342.6186144075298,223283939.41315356,0.10938804742066566,0.5296790334599408,COMPLETED,MOO
385,-2.0870658536585367e-32,6.449878048780487e-18,-3.0800726829268293e-18,385,385_0,False,445.82474187882804,3700467195.478171,0.05743048055953211,1.0,COMPLETED,MOO
386,-1.0421e+17,1.3909e+17,-9.714126496097138e+16,386,386_0,False,300.0,2744736137.6541104,0.09866619555070204,0.2439141437860578,COMPLETED,MOO
387,-1.6131e+16,5.0635e+17,-2.05071e+16,387,387_0,False,340.3590828897174,50000000.0,0.1074978346266319,0.26474714174503583,COMPLETED,MOO
388,-7.065e+17,1.2488e+17,-3.23846e+17,388,388_0,False,391.55284397958434,5000000000.0,0.10897884743867511,0.647621215218914,COMPLETED,MOO
389,-554070000000000.0,6.9521e+16,-2.19121e+17,389,389_0,False,600.0,5000000000.0,0.07777558027930928,0.9781989262301507,COMPLETED,MOO
390,-2.1137e+17,2.7551e+17,-1.78397e+17,390,390_0,False,521.7661172174061,1097926600.1510162,0.08305573809626592,0.6179642194977062,COMPLETED,MOO
391,-3.618943396226415e+16,9.468635849056604e+17,-4.693001886792453e+16,391,391_0,False,458.65926451715234,50000000.0,0.11769944205399499,0.8409569022000126,COMPLETED,MOO
392,-5.9608e+17,1.4435e+17,-3.28391e+17,392,392_0,False,489.60294239638483,4997444220.482272,0.08833521354828697,0.7379292775459317,COMPLETED,MOO
393,-4.9019e+17,1.2284e+17,-2.43038e+17,393,393_0,False,346.8857661820857,5000000000.0,0.11400608557502474,0.6014378140105058,COMPLETED,MOO
394,-5.1121e+17,1.3921e+17,-2.51975e+17,394,394_0,False,368.1881554756265,3781825583.4564114,0.11399423095063299,0.6462244361532149,COMPLETED,MOO
395,-3.7103e+17,2.6437e+17,-2.88401e+17,395,395_0,False,600.0,2008081748.4501805,0.07646213762487161,0.7697748050114276,COMPLETED,MOO
396,-1e+20,0.0,-1e+20,396,396_0,False,384.29206613775847,5000000000.0,0.1002599678034093,0.12407761694997356,COMPLETED,MOO
397,-775784036000000.0,2299484515000000.0,-102970778200000.0,397,397_0,False,474.1383797026232,392362792.3093121,0.05327903558966252,0.7628127538003173,COMPLETED,MOO
398,-5700659459459459.0,4.58197027027027e+16,-3071677297297297.5,398,398_0,False,330.44605133245483,50000000.0,0.09183698546834182,0.03053782762117025,COMPLETED,MOO
399,-1e+20,0.0,-1e+20,399,399_0,False,330.7894255458162,3777743054.4801044,0.08479861259783521,0.0,COMPLETED,MOO
400,-458242926829268.3,245410243902439.03,-62426731707317.07,400,400_0,False,410.1756686698727,2581906508.766039,0.05,0.8520415762829918,COMPLETED,MOO
401,-2.6027620437956204e+16,8.781276642335767e+17,-3.349539124087591e+16,401,401_0,False,469.4669201774467,50000000.0,0.10212406890124252,0.6935418092180965,COMPLETED,MOO
402,-63065000000000.0,8.7516e+17,-4.4552e+16,402,402_0,False,486.08029988922203,59187511.466223106,0.11049779788695668,0.9012871311546392,COMPLETED,MOO
403,-1.542541224137931e+16,7.395524777586207e+17,-1.7581576737931034e+16,403,403_0,False,386.69835896226203,50000000.0,0.11544334171186439,0.7459041507348745,COMPLETED,MOO
404,-3269858823529412.0,1.8016176470588237e+17,-2534478823529412.0,404,404_0,True,350.95449920878866,50000000.0,0.10315749772140928,0.5703810980093439,COMPLETED,MOO
405,-124920000000000.0,6.7739e+17,-6.0211e+16,405,405_0,False,531.8706081745975,50000000.0,0.11491892290444457,0.9140772532877166,COMPLETED,MOO
406,-3.659815781578947e+16,9.737878457894737e+17,-4.437484168421053e+16,406,406_0,False,587.3957571793085,50000000.0,0.08216662400121504,0.6316897334871291,COMPLETED,MOO
407,-7.5406e+16,7.5235e+16,-5.9732e+16,407,407_0,False,337.54491075786837,5000000000.0,0.08738905789890322,0.4669873130806087,COMPLETED,MOO
408,-4.1911017e+16,1.1158985999999997e+18,-6.302991599999998e+16,408,408_0,False,491.65867556517236,164750395.494651,0.08970791357308451,0.8682884621523516,COMPLETED,MOO
409,-9.7924e+16,1.043e+17,-8.603e+16,409,409_0,False,355.844004537609,3335026100.5362906,0.08551430781646133,0.29551822827992286,COMPLETED,MOO
410,-2.6963246664092664e+16,9.74104170945946e+16,-2.68504771023166e+16,410,410_0,False,343.778766177746,1785291400.474309,0.07586354819878618,0.2213203943257229,COMPLETED,MOO
411,-1.7372208333333334e+16,3.187795833333333e+17,-2.1121404166666668e+16,411,411_0,False,367.9336002057522,174014586.99414015,0.0871393162341613,0.2514217848297526,COMPLETED,MOO
412,-2.862016223275862e+16,9.082968313793103e+17,-3.5417476775862064e+16,412,412_0,False,554.8340258516091,50000000.0,0.08466786622780509,0.6399705342429253,COMPLETED,MOO
413,-2.7556309056705188e+16,2.623419027143241e+17,-3.4212092502015588e+16,413,413_0,False,384.0259132619833,273921953.1968367,0.08382851995677809,0.21094367524723256,COMPLETED,MOO
414,-1.9349e+16,7.7767e+17,-2.42498e+16,414,414_0,False,432.8995839027623,50000000.0,0.10236359674485902,0.6199593162208914,COMPLETED,MOO
415,-2.0616724363636364e+16,7.27535546590909e+17,-2.1624057343181816e+16,415,415_0,False,600.0,50000000.0,0.07403494096332536,0.6374948047843118,COMPLETED,MOO
416,-2.40955e+16,5.86825e+16,-2.447145e+16,416,416_0,False,391.0327950160399,3187564886.595682,0.07168450940225427,0.8337067666388565,COMPLETED,MOO
417,-1.867445e+16,7.379385e+17,-2.2721825e+16,417,417_0,False,375.62020988914753,50000000.0,0.1122325636533349,0.5435845184823387,COMPLETED,MOO
418,-2.524467689677419e+16,7.926593321935484e+17,-3.228481843419355e+16,418,418_0,False,418.18790550556,50000000.0,0.10828094003060189,0.5764035384185825,COMPLETED,MOO
419,-5.3245e+16,7.036343302256447e+17,-6.495843302256447e+16,419,419_0,False,490.7504742500902,50000000.0,0.11490649787766923,0.7303318326308702,COMPLETED,MOO
420,-1.491775e+16,6.701575e+17,-1.777515e+16,420,420_0,False,489.2941202263043,50000000.0,0.0895240685086657,0.6606408820271197,COMPLETED,MOO
421,-6338473675000000.0,9.706722469444443e+16,-6112248405555556.0,421,421_0,True,340.2172195755122,351182811.06301254,0.08094022075408103,0.24985290060137583,COMPLETED,MOO
422,-610280000000000.0,6.527e+17,-1.44636e+17,422,422_0,False,510.06369803122226,213772244.75357556,0.10841794886260726,0.9202142500455759,COMPLETED,MOO
423,-9034399178260870.0,4.120598978260869e+17,-8296798556521739.0,423,423_0,True,600.0,50000000.0,0.07199550167699378,0.7631207649570496,COMPLETED,MOO
424,-3.019981840048106e+16,4.85675517137703e+17,-3.871315724594107e+16,424,424_0,False,355.11468488278143,50000000.0,0.11278442004091742,0.24701269214126145,COMPLETED,MOO
425,-113391396428571.42,1.2752e+18,-5.1638e+16,425,425_0,False,495.1411979052004,50000000.0,0.10735038504176073,0.8588936285914226,COMPLETED,MOO
426,-343570000000000.0,8.6087e+17,-9.1538e+16,426,426_0,False,525.1544248608185,50000000.0,0.12,0.8958225219539647,COMPLETED,MOO
427,-2.7442744939759036e+16,8.957837671084337e+17,-3.3050693127710844e+16,427,427_0,False,565.8902179454315,50000000.0,0.08196696423231531,0.6363902995526591,COMPLETED,MOO
428,-2.1922385795454544e+16,6.121297332575758e+17,-2.8710944281818184e+16,428,428_0,False,356.1023641636882,50000000.0,0.10965226129638869,0.3174269597895001,COMPLETED,MOO
429,-8.2656e+17,1.4976e+17,-4.452e+17,429,429_0,False,528.5052538317029,5000000000.0,0.08456945363439738,0.6957980631193305,COMPLETED,MOO
430,-1.01944985e+16,4.7558418714285715e+17,-1.1363026214285714e+16,430,430_0,False,360.55914334335193,50000000.0,0.10606736716417245,0.45911963907099684,COMPLETED,MOO
431,-72376000000000.0,2.9768e+17,-6.6347e+16,431,431_0,False,446.81395892192074,1169961512.7012877,0.07907155752512585,0.9609707564303187,COMPLETED,MOO
432,-3582234482758620.5,1.1133827586206896e+16,-2539684482758620.5,432,432_0,False,300.0,2688795751.7130365,0.07312622338370234,0.22438237953605097,COMPLETED,MOO
433,-7795457692307692.0,1.9677076923076924e+16,-6399850000000000.0,433,433_0,False,332.7200184409675,3151668318.189513,0.07351133722398953,0.5659661199727929,COMPLETED,MOO
434,-1.966865625e+16,7.828990625e+17,-2.404458125e+16,434,434_0,False,520.9784908418397,50000000.0,0.08660797747529686,0.658118745042335,COMPLETED,MOO
435,-4.323817128027682e+16,9.229704325259516e+17,-5.344190484429066e+16,435,435_0,False,582.9451044173147,50000000.0,0.08566768636971817,0.6250028626395304,COMPLETED,MOO
436,-2994906039393939.5,4719286621212121.0,-960998532121212.1,436,436_0,False,468.3675615096189,2037505863.3573287,0.050710447934110454,0.60254130986281,COMPLETED,MOO
437,-2.797075e+16,9.536083333333334e+17,-3.4669330555555556e+16,437,437_0,False,567.1093121616975,50000000.0,0.08465100662385995,0.6933096274446012,COMPLETED,MOO
438,-4.3215697142857144e+16,9.016396e+17,-4.983115428571429e+16,438,438_0,False,600.0,50000000.0,0.07671674420060416,0.5036727009784431,COMPLETED,MOO
439,-2.6556600388349516e+16,9.306351685436893e+17,-3.333568278737864e+16,439,439_0,False,549.9819315149294,50000000.0,0.08694750191220238,0.6939650655563891,COMPLETED,MOO
440,-1.7409357142857142e+16,8.396505357142858e+16,-1.5619425e+16,440,440_0,False,300.0,1521979056.4506001,0.08986562431232198,0.540793799508888,COMPLETED,MOO
441,-5257437837837838.0,2.2520486486486486e+17,-5627043243243243.0,441,441_0,True,334.46958129414713,50000000.0,0.09963884466701217,0.24102512542109997,COMPLETED,MOO
442,-2210917647058823.5,9.90694705882353e+16,-2046993529411764.8,442,442_0,True,339.7517128696136,50000000.0,0.09131960861749405,0.19292072959974002,COMPLETED,MOO
443,-4.013930132450331e+16,3.951385430463576e+17,-4.5525359271523176e+16,443,443_0,False,434.31631536342445,547660968.2670684,0.08588377822117949,0.8838313362808541,COMPLETED,MOO
444,-50323000000000.0,6.1534e+17,-4.8736e+16,444,444_0,False,476.4698332188791,301306161.08611774,0.08531460821577908,0.9275468604943518,COMPLETED,MOO
445,-1.3061e+17,9.0806e+16,-9.0481e+16,445,445_0,False,374.9585053868245,5000000000.0,0.08957035163456165,0.6245945651986058,COMPLETED,MOO
446,-2.3473614380753136e+16,1.1051292514644352e+17,-2.3860018025941424e+16,446,446_0,False,337.1787848761427,1476477060.2242436,0.09063864059348287,0.8700372509815391,COMPLETED,MOO
447,-254790000000.0,1.389e+17,-3102920000000000.0,447,447_0,True,591.8122656045763,50000000.0,0.07985459559078033,0.9672507024099303,COMPLETED,MOO
448,-113930000000000.0,4.5659e+17,-6.0866e+16,448,448_0,False,565.9452981937576,50000000.0,0.11572934622913929,0.9343649886738702,COMPLETED,MOO
449,-1.5582954545454546e+16,6.090877272727273e+17,-1.7656388636363636e+16,449,449_0,False,533.6359148258391,50000000.0,0.07876003680569468,0.5542123738912627,COMPLETED,MOO
450,-1.1496998555555556e+16,3.5759827462962963e+17,-1.5607080779629628e+16,450,450_0,False,413.7248702983547,50000000.0,0.08636948635112865,0.2221305985137131,COMPLETED,MOO
451,-2.3228490909090908e+16,7.368827272727273e+17,-2.5975530909090908e+16,451,451_0,False,570.6570549851726,50000000.0,0.07544781206832292,0.5286093178235111,COMPLETED,MOO
452,-562885859411764.7,2.225740605882353e+16,-271772136029411.75,452,452_0,False,383.04404695347205,50000000.0,0.07426504794950753,0.2028563048697608,COMPLETED,MOO
453,-3.828706414662085e+16,8.323821496754487e+17,-4.865715769377625e+16,453,453_0,False,484.86354661293456,50000000.0,0.10949027466506456,0.7542701595517306,COMPLETED,MOO
454,-9.288634713804714e+16,5.2263347138047136e+17,-1.0430034713804714e+17,454,454_0,False,487.6665605740995,491405573.91016465,0.09353568934400464,0.8967069723573242,COMPLETED,MOO
455,-5.4572e+17,1.2421e+17,-2.51516e+17,455,455_0,False,398.29745417504523,5000000000.0,0.10782037098420319,0.7793763145110425,COMPLETED,MOO
456,-6.5201e+16,1.426e+17,-6.8311e+16,456,456_0,False,402.94414609076057,1116134911.960378,0.07951741229259218,0.22572961860297963,COMPLETED,MOO
457,-5.989773654513889e+16,7.210173654513889e+17,-7.5099e+16,457,457_0,False,534.2232314868007,50000000.0,0.11125628628767864,0.7926804323188821,COMPLETED,MOO
458,-1.0343058823529412e+16,5.1460764705882355e+17,-1.1424823529411764e+16,458,458_0,False,404.30513296697376,50000000.0,0.1010393130378291,0.6054266257145403,COMPLETED,MOO
459,-2.7387140428571428e+16,8.355988067857143e+17,-2.9724062598214284e+16,459,459_0,False,600.0,50000000.0,0.07437408293612185,0.5747046301092694,COMPLETED,MOO
460,-8112458560000000.0,2.7872843475e+17,-9124972862500000.0,460,460_0,True,310.9019023916163,50000000.0,0.10722409649674527,0.1923095361465846,COMPLETED,MOO
461,-48620249544675.09,1.1129e+18,-3.865831944950361e+16,461,461_0,False,446.4106968419661,50000000.0,0.11583919494930035,0.8875669321541524,COMPLETED,MOO
462,-1.5962767857142858e+16,7.078573214285714e+17,-1.93475375e+16,462,462_0,False,481.4463967544269,50000000.0,0.09184083617789565,0.6678821874897148,COMPLETED,MOO
463,-1e+20,0.0,-1e+20,463,463_0,False,521.8795779464597,50000000.0,0.12,0.8076371543629417,COMPLETED,MOO
464,-4.230530538922156e+16,9.618379041916168e+17,-5.008519760479042e+16,464,464_0,False,600.0,50000000.0,0.0799573055400026,0.5857222651121727,COMPLETED,MOO
465,-178668653783783.78,4079542318918918.5,-27167361410810.81,465,465_0,False,327.9623744893272,50000000.0,0.08685811512935845,0.6346987261497071,COMPLETED,MOO
466,-1.4030780559200614e-28,6.87171648732397e-17,-1.0573283787323982e-15,466,466_0,False,532.2697264456283,4131454315.8175354,0.11720089828434202,1.0,COMPLETED,MOO
467,-6.800638147249191e+16,1.8043e+17,-6.2134e+16,467,467_0,False,446.86009010154595,1642498740.770695,0.07912844184815315,0.7165215068318391,COMPLETED,MOO
468,-3437106250000000.0,1.9049e+17,-2548461250000000.0,468,468_0,True,362.48059796999223,50000000.0,0.10779274042603523,0.7862777634868603,COMPLETED,MOO
469,-1.05578e+16,6.64164e+17,-1.356568e+16,469,469_0,False,545.7154282240506,50000000.0,0.08399852970526883,0.8857242218030417,COMPLETED,MOO
470,-2.0048e+18,1.0927e+17,-6.3175e+17,470,470_0,False,451.5797609806091,5000000000.0,0.11746274142724054,0.8188518633900207,COMPLETED,MOO
471,-1.6230457627118644e+16,5.670164406779661e+16,-1.5495535593220338e+16,471,471_0,False,374.5455266301717,2174130635.3676853,0.07352317521041203,0.705054397548924,COMPLETED,MOO
472,-2.8702211726019e+16,7.217521838155072e+16,-2.696861254737971e+16,472,472_0,False,377.68414671278447,2812470091.825893,0.0691175990245686,0.2993721018432127,COMPLETED,MOO
473,-3.64256746031746e+16,8.470369047619048e+17,-4.549e+16,473,473_0,False,456.2984177647596,50000000.0,0.11524487745228584,0.7669030244914725,COMPLETED,MOO
474,-51927000000000.0,6.1255e+17,-4.2631e+16,474,474_0,False,487.8020663218765,50000000.0,0.12,0.9275216157695855,COMPLETED,MOO
475,-3.778244203612479e+16,7.683789589490968e+17,-4.707531428571429e+16,475,475_0,False,452.5721439309492,50000000.0,0.1132014409269265,0.6766497033240617,COMPLETED,MOO
476,-2.910400870646766e+16,8.024800497512438e+17,-3.693111828358209e+16,476,476_0,False,430.50938606771285,50000000.0,0.11017712525556257,0.6255068983529515,COMPLETED,MOO
477,-7.5816e+16,7.1428e+16,-6.545e+16,477,477_0,False,374.48508739505036,5000000000.0,0.07592052255024885,0.2945383597689045,COMPLETED,MOO
478,-5.791145548577762e+16,7.95764879940894e+17,-6.861050461765792e+16,478,478_0,False,600.0,50000000.0,0.08307306737387904,0.5231376926540571,COMPLETED,MOO
479,-208160000000000.0,1.001e+18,-6.9495e+16,479,479_0,False,523.681303263895,50000000.0,0.11174873139483663,0.8806251803898881,COMPLETED,MOO
480,-3.5113992502082756e+16,4.220176589836157e+17,-3.889391127464594e+16,480,480_0,False,405.37919641334753,290059886.51230294,0.09028816559021638,0.5256765939852042,COMPLETED,MOO
481,-3.808579547395389e+16,5.887246498719043e+16,-3.936215448334757e+16,481,481_0,False,439.82946459849916,5000000000.0,0.06458474952263064,0.8723172264218323,COMPLETED,MOO
482,-1.243975e+16,8.145525e+17,-1.6142075e+16,482,482_0,False,391.7514669577278,50000000.0,0.11668219975455185,0.9093157539670729,COMPLETED,MOO
483,-38037000000000.0,4.8173e+17,-3.7628e+16,483,483_0,False,507.52427733881063,50000000.0,0.1177184048830135,0.9381551229532137,COMPLETED,MOO
484,-3.5011916041979012e+16,1.5695950524737632e+17,-3.3457444790104944e+16,484,484_0,False,384.62555426328527,1244396134.4532897,0.08492488970881781,0.7103765916326054,COMPLETED,MOO
485,-1e+20,0.0,-1e+20,485,485_0,False,353.915284165674,50000000.0,0.07453566089107566,1.0,COMPLETED,MOO
